<?xml version="1.0" encoding="UTF-8"?>
<slike>
    <slika>
        <naziv>"The Starry Night"</naziv>
        <slikar>Vincent Van Gogh</slikar>
        <godina>1889</godina>
        <jpg>https://images.saymedia-content.com/.image/c_limit%2Ccs_srgb%2Cq_auto:good%2Cw_799/MTc0NjQ3MzI1OTQ2ODgxNDAy/20-greatest-paintings-of-modern-art.webp</jpg>
    </slika>
    <slika>
        <naziv>"Guernica"</naziv>
        <slikar>Pablo Picasso</slikar>
        <godina>1937</godina>
        <jpg>https://images.saymedia-content.com/.image/c_limit%2Ccs_srgb%2Cq_auto:good%2Cw_700/MTc0NjQ3MzI1Njc4MzgwNDEw/20-greatest-paintings-of-modern-art.webp</jpg>
    </slika>
    <slika>
        <naziv>"Golconda"</naziv>
        <slikar>René Magritte</slikar>
        <godina>1953</godina>
        <jpg>https://images.saymedia-content.com/.image/c_limit%2Ccs_srgb%2Cq_auto:good%2Cw_1024/MTc0NjQ3MzI1OTQ4MTkyMTIy/20-greatest-paintings-of-modern-art.webp</jpg>
    </slika>
    <slika>
        <naziv>"Water Lillies and the Japanese Bridge"</naziv>
        <slikar>Claude Monet</slikar>
        <godina>1899</godina>
        <jpg>https://images.saymedia-content.com/.image/c_limit%2Ccs_srgb%2Cq_auto:good%2Cw_800/MTc0NjQ3MzI1OTQ2OTQ2OTM4/20-greatest-paintings-of-modern-art.webp</jpg>
    </slika>
</slike>